Juventus;Chievo;09/09/2017;1,18;01-09-2017 23:27:13;A;WHILL;ESITO1X2;JAVA_WEB_APP;1;CALCIO;
Juventus;Chievo;09/09/2017;6,5;01-09-2017 23:27:13;A;WHILL;ESITO1X2;JAVA_WEB_APP;X;CALCIO;
Juventus;Chievo;09/09/2017;17,0;01-09-2017 23:27:13;A;WHILL;ESITO1X2;JAVA_WEB_APP;2;CALCIO;
Sampdoria;Roma;09/09/2017;3,8;01-09-2017 23:27:13;A;WHILL;ESITO1X2;JAVA_WEB_APP;1;CALCIO;
Sampdoria;Roma;09/09/2017;4,0;01-09-2017 23:27:13;A;WHILL;ESITO1X2;JAVA_WEB_APP;X;CALCIO;
Sampdoria;Roma;09/09/2017;1,85;01-09-2017 23:27:13;A;WHILL;ESITO1X2;JAVA_WEB_APP;2;CALCIO;
Inter;Spal;10/09/2017;1,2;01-09-2017 23:27:13;A;WHILL;ESITO1X2;JAVA_WEB_APP;1;CALCIO;
Inter;Spal;10/09/2017;6,5;01-09-2017 23:27:13;A;WHILL;ESITO1X2;JAVA_WEB_APP;X;CALCIO;
Inter;Spal;10/09/2017;13,0;01-09-2017 23:27:13;A;WHILL;ESITO1X2;JAVA_WEB_APP;2;CALCIO;
Atalanta;Sassuolo;10/09/2017;1,65;01-09-2017 23:27:13;A;WHILL;ESITO1X2;JAVA_WEB_APP;1;CALCIO;
Atalanta;Sassuolo;10/09/2017;4,0;01-09-2017 23:27:13;A;WHILL;ESITO1X2;JAVA_WEB_APP;X;CALCIO;
Atalanta;Sassuolo;10/09/2017;5,0;01-09-2017 23:27:13;A;WHILL;ESITO1X2;JAVA_WEB_APP;2;CALCIO;
Cagliari;Crotone;10/09/2017;1,75;01-09-2017 23:27:13;A;WHILL;ESITO1X2;JAVA_WEB_APP;1;CALCIO;
Cagliari;Crotone;10/09/2017;3,75;01-09-2017 23:27:13;A;WHILL;ESITO1X2;JAVA_WEB_APP;X;CALCIO;
Cagliari;Crotone;10/09/2017;4,5;01-09-2017 23:27:13;A;WHILL;ESITO1X2;JAVA_WEB_APP;2;CALCIO;
Lazio;Milan;10/09/2017;2,3;01-09-2017 23:27:13;A;WHILL;ESITO1X2;JAVA_WEB_APP;1;CALCIO;
Lazio;Milan;10/09/2017;3,6;01-09-2017 23:27:13;A;WHILL;ESITO1X2;JAVA_WEB_APP;X;CALCIO;
Lazio;Milan;10/09/2017;2,87;01-09-2017 23:27:13;A;WHILL;ESITO1X2;JAVA_WEB_APP;2;CALCIO;
Udinese;Genoa;10/09/2017;2,2;01-09-2017 23:27:13;A;WHILL;ESITO1X2;JAVA_WEB_APP;1;CALCIO;
Udinese;Genoa;10/09/2017;3,3;01-09-2017 23:27:13;A;WHILL;ESITO1X2;JAVA_WEB_APP;X;CALCIO;
Udinese;Genoa;10/09/2017;3,3;01-09-2017 23:27:13;A;WHILL;ESITO1X2;JAVA_WEB_APP;2;CALCIO;
Verona;Fiorentina;10/09/2017;3,2;01-09-2017 23:27:13;A;WHILL;ESITO1X2;JAVA_WEB_APP;1;CALCIO;
Verona;Fiorentina;10/09/2017;3,3;01-09-2017 23:27:13;A;WHILL;ESITO1X2;JAVA_WEB_APP;X;CALCIO;
Verona;Fiorentina;10/09/2017;2,25;01-09-2017 23:27:13;A;WHILL;ESITO1X2;JAVA_WEB_APP;2;CALCIO;
Benevento;Torino;10/09/2017;4,2;01-09-2017 23:27:13;A;WHILL;ESITO1X2;JAVA_WEB_APP;1;CALCIO;
Benevento;Torino;10/09/2017;3,75;01-09-2017 23:27:13;A;WHILL;ESITO1X2;JAVA_WEB_APP;X;CALCIO;
Benevento;Torino;10/09/2017;1,8;01-09-2017 23:27:13;A;WHILL;ESITO1X2;JAVA_WEB_APP;2;CALCIO;
Bologna;Napoli;10/09/2017;9,0;01-09-2017 23:27:13;A;WHILL;ESITO1X2;JAVA_WEB_APP;1;CALCIO;
Bologna;Napoli;10/09/2017;4,8;01-09-2017 23:27:13;A;WHILL;ESITO1X2;JAVA_WEB_APP;X;CALCIO;
Bologna;Napoli;10/09/2017;1,35;01-09-2017 23:27:13;A;WHILL;ESITO1X2;JAVA_WEB_APP;2;CALCIO;
ManCity;Liverpool;09/09/2017;1,85;01-09-2017 23:27:14;PL;WHILL;ESITO1X2;JAVA_WEB_APP;1;CALCIO;
ManCity;Liverpool;09/09/2017;4,0;01-09-2017 23:27:14;PL;WHILL;ESITO1X2;JAVA_WEB_APP;X;CALCIO;
ManCity;Liverpool;09/09/2017;3,75;01-09-2017 23:27:14;PL;WHILL;ESITO1X2;JAVA_WEB_APP;2;CALCIO;
Arsenal;Bournemouth;09/09/2017;1,36;01-09-2017 23:27:14;PL;WHILL;ESITO1X2;JAVA_WEB_APP;1;CALCIO;
Arsenal;Bournemouth;09/09/2017;5,0;01-09-2017 23:27:14;PL;WHILL;ESITO1X2;JAVA_WEB_APP;X;CALCIO;
Arsenal;Bournemouth;09/09/2017;8,0;01-09-2017 23:27:14;PL;WHILL;ESITO1X2;JAVA_WEB_APP;2;CALCIO;
Brighton;WBA;09/09/2017;2,6;01-09-2017 23:27:14;PL;WHILL;ESITO1X2;JAVA_WEB_APP;1;CALCIO;
Brighton;WBA;09/09/2017;2,9;01-09-2017 23:27:14;PL;WHILL;ESITO1X2;JAVA_WEB_APP;X;CALCIO;
Brighton;WBA;09/09/2017;3,0;01-09-2017 23:27:14;PL;WHILL;ESITO1X2;JAVA_WEB_APP;2;CALCIO;
Everton;Tottenham;09/09/2017;3,4;01-09-2017 23:27:14;PL;WHILL;ESITO1X2;JAVA_WEB_APP;1;CALCIO;
Everton;Tottenham;09/09/2017;3,3;01-09-2017 23:27:14;PL;WHILL;ESITO1X2;JAVA_WEB_APP;X;CALCIO;
Everton;Tottenham;09/09/2017;2,15;01-09-2017 23:27:14;PL;WHILL;ESITO1X2;JAVA_WEB_APP;2;CALCIO;
Leicester;Chelsea;09/09/2017;4,2;01-09-2017 23:27:14;PL;WHILL;ESITO1X2;JAVA_WEB_APP;1;CALCIO;
Leicester;Chelsea;09/09/2017;3,75;01-09-2017 23:27:14;PL;WHILL;ESITO1X2;JAVA_WEB_APP;X;CALCIO;
Leicester;Chelsea;09/09/2017;1,8;01-09-2017 23:27:14;PL;WHILL;ESITO1X2;JAVA_WEB_APP;2;CALCIO;
Southampton;Watford;09/09/2017;1,66;01-09-2017 23:27:14;PL;WHILL;ESITO1X2;JAVA_WEB_APP;1;CALCIO;
Southampton;Watford;09/09/2017;3,6;01-09-2017 23:27:14;PL;WHILL;ESITO1X2;JAVA_WEB_APP;X;CALCIO;
Southampton;Watford;09/09/2017;5,5;01-09-2017 23:27:14;PL;WHILL;ESITO1X2;JAVA_WEB_APP;2;CALCIO;
StokeCity;ManUtd;09/09/2017;7,0;01-09-2017 23:27:14;PL;WHILL;ESITO1X2;JAVA_WEB_APP;1;CALCIO;
StokeCity;ManUtd;09/09/2017;4,0;01-09-2017 23:27:14;PL;WHILL;ESITO1X2;JAVA_WEB_APP;X;CALCIO;
StokeCity;ManUtd;09/09/2017;1,5;01-09-2017 23:27:14;PL;WHILL;ESITO1X2;JAVA_WEB_APP;2;CALCIO;
Burnley;CrystalPalace;10/09/2017;2,4;01-09-2017 23:27:14;PL;WHILL;ESITO1X2;JAVA_WEB_APP;1;CALCIO;
Burnley;CrystalPalace;10/09/2017;3,1;01-09-2017 23:27:14;PL;WHILL;ESITO1X2;JAVA_WEB_APP;X;CALCIO;
Burnley;CrystalPalace;10/09/2017;3,1;01-09-2017 23:27:14;PL;WHILL;ESITO1X2;JAVA_WEB_APP;2;CALCIO;
Swansea;Newcastle;10/09/2017;2,3;01-09-2017 23:27:14;PL;WHILL;ESITO1X2;JAVA_WEB_APP;1;CALCIO;
Swansea;Newcastle;10/09/2017;3,2;01-09-2017 23:27:14;PL;WHILL;ESITO1X2;JAVA_WEB_APP;X;CALCIO;
Swansea;Newcastle;10/09/2017;3,2;01-09-2017 23:27:14;PL;WHILL;ESITO1X2;JAVA_WEB_APP;2;CALCIO;
WestHam;Huddersfield;11/09/2017;1,83;01-09-2017 23:27:14;PL;WHILL;ESITO1X2;JAVA_WEB_APP;1;CALCIO;
WestHam;Huddersfield;11/09/2017;3,5;01-09-2017 23:27:14;PL;WHILL;ESITO1X2;JAVA_WEB_APP;X;CALCIO;
WestHam;Huddersfield;11/09/2017;4,4;01-09-2017 23:27:14;PL;WHILL;ESITO1X2;JAVA_WEB_APP;2;CALCIO;
Amburgo;RBLipsia;08/09/2017;3,8;01-09-2017 23:27:15;BL;WHILL;ESITO1X2;JAVA_WEB_APP;1;CALCIO;
Amburgo;RBLipsia;08/09/2017;3,5;01-09-2017 23:27:15;BL;WHILL;ESITO1X2;JAVA_WEB_APP;X;CALCIO;
Amburgo;RBLipsia;08/09/2017;1,95;01-09-2017 23:27:15;BL;WHILL;ESITO1X2;JAVA_WEB_APP;2;CALCIO;
Augsburg;FCColonia;09/09/2017;2,45;01-09-2017 23:27:15;BL;WHILL;ESITO1X2;JAVA_WEB_APP;1;CALCIO;
Augsburg;FCColonia;09/09/2017;3,25;01-09-2017 23:27:15;BL;WHILL;ESITO1X2;JAVA_WEB_APP;X;CALCIO;
Augsburg;FCColonia;09/09/2017;2,9;01-09-2017 23:27:15;BL;WHILL;ESITO1X2;JAVA_WEB_APP;2;CALCIO;
Friburgo;Dortmund;09/09/2017;7,0;01-09-2017 23:27:15;BL;WHILL;ESITO1X2;JAVA_WEB_APP;1;CALCIO;
Friburgo;Dortmund;09/09/2017;4,5;01-09-2017 23:27:15;BL;WHILL;ESITO1X2;JAVA_WEB_APP;X;CALCIO;
Friburgo;Dortmund;09/09/2017;1,44;01-09-2017 23:27:15;BL;WHILL;ESITO1X2;JAVA_WEB_APP;2;CALCIO;
M'gladbach;EintrachtFrankfurt;09/09/2017;1,83;01-09-2017 23:27:15;BL;WHILL;ESITO1X2;JAVA_WEB_APP;1;CALCIO;
M'gladbach;EintrachtFrankfurt;09/09/2017;3,5;01-09-2017 23:27:15;BL;WHILL;ESITO1X2;JAVA_WEB_APP;X;CALCIO;
M'gladbach;EintrachtFrankfurt;09/09/2017;4,4;01-09-2017 23:27:15;BL;WHILL;ESITO1X2;JAVA_WEB_APP;2;CALCIO;
Mainz;Leverkusen;09/09/2017;2,8;01-09-2017 23:27:15;BL;WHILL;ESITO1X2;JAVA_WEB_APP;1;CALCIO;
Mainz;Leverkusen;09/09/2017;3,5;01-09-2017 23:27:15;BL;WHILL;ESITO1X2;JAVA_WEB_APP;X;CALCIO;
Mainz;Leverkusen;09/09/2017;2,4;01-09-2017 23:27:15;BL;WHILL;ESITO1X2;JAVA_WEB_APP;2;CALCIO;
Wolfsburg;Hannover;09/09/2017;1,85;01-09-2017 23:27:15;BL;WHILL;ESITO1X2;JAVA_WEB_APP;1;CALCIO;
Wolfsburg;Hannover;09/09/2017;3,5;01-09-2017 23:27:15;BL;WHILL;ESITO1X2;JAVA_WEB_APP;X;CALCIO;
Wolfsburg;Hannover;09/09/2017;4,33;01-09-2017 23:27:15;BL;WHILL;ESITO1X2;JAVA_WEB_APP;2;CALCIO;
1899Hoffenheim;BayernMunich;09/09/2017;6,5;01-09-2017 23:27:15;BL;WHILL;ESITO1X2;JAVA_WEB_APP;1;CALCIO;
1899Hoffenheim;BayernMunich;09/09/2017;4,75;01-09-2017 23:27:15;BL;WHILL;ESITO1X2;JAVA_WEB_APP;X;CALCIO;
1899Hoffenheim;BayernMunich;09/09/2017;1,44;01-09-2017 23:27:15;BL;WHILL;ESITO1X2;JAVA_WEB_APP;2;CALCIO;
HerthaBerlino;WerderBrema;10/09/2017;1,95;01-09-2017 23:27:15;BL;WHILL;ESITO1X2;JAVA_WEB_APP;1;CALCIO;
HerthaBerlino;WerderBrema;10/09/2017;3,6;01-09-2017 23:27:15;BL;WHILL;ESITO1X2;JAVA_WEB_APP;X;CALCIO;
HerthaBerlino;WerderBrema;10/09/2017;3,75;01-09-2017 23:27:15;BL;WHILL;ESITO1X2;JAVA_WEB_APP;2;CALCIO;
Schalke04;Stoccarda;10/09/2017;1,85;01-09-2017 23:27:15;BL;WHILL;ESITO1X2;JAVA_WEB_APP;1;CALCIO;
Schalke04;Stoccarda;10/09/2017;3,5;01-09-2017 23:27:15;BL;WHILL;ESITO1X2;JAVA_WEB_APP;X;CALCIO;
Schalke04;Stoccarda;10/09/2017;4,33;01-09-2017 23:27:15;BL;WHILL;ESITO1X2;JAVA_WEB_APP;2;CALCIO;
Leganes;Getafe;08/09/2017;2,0;01-09-2017 23:27:15;LIGA;WHILL;ESITO1X2;JAVA_WEB_APP;1;CALCIO;
Leganes;Getafe;08/09/2017;3,0;01-09-2017 23:27:15;LIGA;WHILL;ESITO1X2;JAVA_WEB_APP;X;CALCIO;
Leganes;Getafe;08/09/2017;4,4;01-09-2017 23:27:15;LIGA;WHILL;ESITO1X2;JAVA_WEB_APP;2;CALCIO;
RealMadrid;Levante;09/09/2017;1,07;01-09-2017 23:27:15;LIGA;WHILL;ESITO1X2;JAVA_WEB_APP;1;CALCIO;
RealMadrid;Levante;09/09/2017;12,0;01-09-2017 23:27:15;LIGA;WHILL;ESITO1X2;JAVA_WEB_APP;X;CALCIO;
RealMadrid;Levante;09/09/2017;23,0;01-09-2017 23:27:15;LIGA;WHILL;ESITO1X2;JAVA_WEB_APP;2;CALCIO;
Valencia;AtleticoMadrid;09/09/2017;3,5;01-09-2017 23:27:15;LIGA;WHILL;ESITO1X2;JAVA_WEB_APP;1;CALCIO;
Valencia;AtleticoMadrid;09/09/2017;3,25;01-09-2017 23:27:15;LIGA;WHILL;ESITO1X2;JAVA_WEB_APP;X;CALCIO;
Valencia;AtleticoMadrid;09/09/2017;2,15;01-09-2017 23:27:15;LIGA;WHILL;ESITO1X2;JAVA_WEB_APP;2;CALCIO;
Siviglia;Eibar;09/09/2017;1,7;01-09-2017 23:27:15;LIGA;WHILL;ESITO1X2;JAVA_WEB_APP;1;CALCIO;
Siviglia;Eibar;09/09/2017;3,8;01-09-2017 23:27:15;LIGA;WHILL;ESITO1X2;JAVA_WEB_APP;X;CALCIO;
Siviglia;Eibar;09/09/2017;4,8;01-09-2017 23:27:15;LIGA;WHILL;ESITO1X2;JAVA_WEB_APP;2;CALCIO;
Barcellona;Espanyol;09/09/2017;1,16;01-09-2017 23:27:15;LIGA;WHILL;ESITO1X2;JAVA_WEB_APP;1;CALCIO;
Barcellona;Espanyol;09/09/2017;7,5;01-09-2017 23:27:15;LIGA;WHILL;ESITO1X2;JAVA_WEB_APP;X;CALCIO;
Barcellona;Espanyol;09/09/2017;15,0;01-09-2017 23:27:15;LIGA;WHILL;ESITO1X2;JAVA_WEB_APP;2;CALCIO;
DeportivoLaCoruna;RealSociedad;10/09/2017;2,87;01-09-2017 23:27:15;LIGA;WHILL;ESITO1X2;JAVA_WEB_APP;1;CALCIO;
DeportivoLaCoruna;RealSociedad;10/09/2017;3,3;01-09-2017 23:27:15;LIGA;WHILL;ESITO1X2;JAVA_WEB_APP;X;CALCIO;
DeportivoLaCoruna;RealSociedad;10/09/2017;2,45;01-09-2017 23:27:15;LIGA;WHILL;ESITO1X2;JAVA_WEB_APP;2;CALCIO;
AthleticBilbao;Girona;10/09/2017;1,8;01-09-2017 23:27:15;LIGA;WHILL;ESITO1X2;JAVA_WEB_APP;1;CALCIO;
AthleticBilbao;Girona;10/09/2017;3,5;01-09-2017 23:27:15;LIGA;WHILL;ESITO1X2;JAVA_WEB_APP;X;CALCIO;
AthleticBilbao;Girona;10/09/2017;4,6;01-09-2017 23:27:15;LIGA;WHILL;ESITO1X2;JAVA_WEB_APP;2;CALCIO;
CeltaVigo;Alaves;10/09/2017;1,75;01-09-2017 23:27:15;LIGA;WHILL;ESITO1X2;JAVA_WEB_APP;1;CALCIO;
CeltaVigo;Alaves;10/09/2017;3,6;01-09-2017 23:27:15;LIGA;WHILL;ESITO1X2;JAVA_WEB_APP;X;CALCIO;
CeltaVigo;Alaves;10/09/2017;4,8;01-09-2017 23:27:15;LIGA;WHILL;ESITO1X2;JAVA_WEB_APP;2;CALCIO;
Villarreal;BetisSiviglia;10/09/2017;1,85;01-09-2017 23:27:15;LIGA;WHILL;ESITO1X2;JAVA_WEB_APP;1;CALCIO;
Villarreal;BetisSiviglia;10/09/2017;3,6;01-09-2017 23:27:15;LIGA;WHILL;ESITO1X2;JAVA_WEB_APP;X;CALCIO;
Villarreal;BetisSiviglia;10/09/2017;4,2;01-09-2017 23:27:15;LIGA;WHILL;ESITO1X2;JAVA_WEB_APP;2;CALCIO;
Malaga;LasPalmas;11/09/2017;2,05;01-09-2017 23:27:15;LIGA;WHILL;ESITO1X2;JAVA_WEB_APP;1;CALCIO;
Malaga;LasPalmas;11/09/2017;3,6;01-09-2017 23:27:15;LIGA;WHILL;ESITO1X2;JAVA_WEB_APP;X;CALCIO;
Malaga;LasPalmas;11/09/2017;3,4;01-09-2017 23:27:15;LIGA;WHILL;ESITO1X2;JAVA_WEB_APP;2;CALCIO;
Lille;Bordeaux;08/09/2017;2,5;01-09-2017 23:27:16;L1;WHILL;ESITO1X2;JAVA_WEB_APP;1;CALCIO;
Lille;Bordeaux;08/09/2017;3,2;01-09-2017 23:27:16;L1;WHILL;ESITO1X2;JAVA_WEB_APP;X;CALCIO;
Lille;Bordeaux;08/09/2017;2,87;01-09-2017 23:27:16;L1;WHILL;ESITO1X2;JAVA_WEB_APP;2;CALCIO;
MetzFC;PSG;08/09/2017;21,0;01-09-2017 23:27:16;L1;WHILL;ESITO1X2;JAVA_WEB_APP;1;CALCIO;
MetzFC;PSG;08/09/2017;9,5;01-09-2017 23:27:16;L1;WHILL;ESITO1X2;JAVA_WEB_APP;X;CALCIO;
MetzFC;PSG;08/09/2017;1,1;01-09-2017 23:27:16;L1;WHILL;ESITO1X2;JAVA_WEB_APP;2;CALCIO;
Nizza;Monaco;09/09/2017;4,2;01-09-2017 23:27:16;L1;WHILL;ESITO1X2;JAVA_WEB_APP;1;CALCIO;
Nizza;Monaco;09/09/2017;3,75;01-09-2017 23:27:16;L1;WHILL;ESITO1X2;JAVA_WEB_APP;X;CALCIO;
Nizza;Monaco;09/09/2017;1,8;01-09-2017 23:27:16;L1;WHILL;ESITO1X2;JAVA_WEB_APP;2;CALCIO;
Caen;Dijon;09/09/2017;2,0;01-09-2017 23:27:16;L1;WHILL;ESITO1X2;JAVA_WEB_APP;1;CALCIO;
Caen;Dijon;09/09/2017;3,4;01-09-2017 23:27:16;L1;WHILL;ESITO1X2;JAVA_WEB_APP;X;CALCIO;
Caen;Dijon;09/09/2017;3,75;01-09-2017 23:27:16;L1;WHILL;ESITO1X2;JAVA_WEB_APP;2;CALCIO;
Montpellier;Nantes;09/09/2017;2,15;01-09-2017 23:27:16;L1;WHILL;ESITO1X2;JAVA_WEB_APP;1;CALCIO;
Montpellier;Nantes;09/09/2017;3,25;01-09-2017 23:27:16;L1;WHILL;ESITO1X2;JAVA_WEB_APP;X;CALCIO;
Montpellier;Nantes;09/09/2017;3,5;01-09-2017 23:27:16;L1;WHILL;ESITO1X2;JAVA_WEB_APP;2;CALCIO;
Strasburgo;Amiens;09/09/2017;2,15;01-09-2017 23:27:16;L1;WHILL;ESITO1X2;JAVA_WEB_APP;1;CALCIO;
Strasburgo;Amiens;09/09/2017;3,2;01-09-2017 23:27:16;L1;WHILL;ESITO1X2;JAVA_WEB_APP;X;CALCIO;
Strasburgo;Amiens;09/09/2017;3,6;01-09-2017 23:27:16;L1;WHILL;ESITO1X2;JAVA_WEB_APP;2;CALCIO;
Troyes;Tolosa;09/09/2017;2,87;01-09-2017 23:27:16;L1;WHILL;ESITO1X2;JAVA_WEB_APP;1;CALCIO;
Troyes;Tolosa;09/09/2017;3,2;01-09-2017 23:27:16;L1;WHILL;ESITO1X2;JAVA_WEB_APP;X;CALCIO;
Troyes;Tolosa;09/09/2017;2,5;01-09-2017 23:27:16;L1;WHILL;ESITO1X2;JAVA_WEB_APP;2;CALCIO;
StEtienne;Angers;10/09/2017;2,15;01-09-2017 23:27:16;L1;WHILL;ESITO1X2;JAVA_WEB_APP;1;CALCIO;
StEtienne;Angers;10/09/2017;3,2;01-09-2017 23:27:16;L1;WHILL;ESITO1X2;JAVA_WEB_APP;X;CALCIO;
StEtienne;Angers;10/09/2017;3,6;01-09-2017 23:27:16;L1;WHILL;ESITO1X2;JAVA_WEB_APP;2;CALCIO;
Lione;Guingamp;10/09/2017;1,4;01-09-2017 23:27:16;L1;WHILL;ESITO1X2;JAVA_WEB_APP;1;CALCIO;
Lione;Guingamp;10/09/2017;4,5;01-09-2017 23:27:16;L1;WHILL;ESITO1X2;JAVA_WEB_APP;X;CALCIO;
Lione;Guingamp;10/09/2017;6,5;01-09-2017 23:27:16;L1;WHILL;ESITO1X2;JAVA_WEB_APP;2;CALCIO;
Marsiglia;Rennes;10/09/2017;1,65;01-09-2017 23:27:16;L1;WHILL;ESITO1X2;JAVA_WEB_APP;1;CALCIO;
Marsiglia;Rennes;10/09/2017;4,0;01-09-2017 23:27:16;L1;WHILL;ESITO1X2;JAVA_WEB_APP;X;CALCIO;
Marsiglia;Rennes;10/09/2017;5,0;01-09-2017 23:27:16;L1;WHILL;ESITO1X2;JAVA_WEB_APP;2;CALCIO;
Heracles;Feyenoord;09/09/2017;6,0;01-09-2017 23:27:17;ED;WHILL;ESITO1X2;JAVA_WEB_APP;1;CALCIO;
Heracles;Feyenoord;09/09/2017;4,5;01-09-2017 23:27:17;ED;WHILL;ESITO1X2;JAVA_WEB_APP;X;CALCIO;
Heracles;Feyenoord;09/09/2017;1,44;01-09-2017 23:27:17;ED;WHILL;ESITO1X2;JAVA_WEB_APP;2;CALCIO;
WillemII;DenHaag;09/09/2017;2,15;01-09-2017 23:27:17;ED;WHILL;ESITO1X2;JAVA_WEB_APP;1;CALCIO;
WillemII;DenHaag;09/09/2017;3,25;01-09-2017 23:27:17;ED;WHILL;ESITO1X2;JAVA_WEB_APP;X;CALCIO;
WillemII;DenHaag;09/09/2017;3,25;01-09-2017 23:27:17;ED;WHILL;ESITO1X2;JAVA_WEB_APP;2;CALCIO;
Ajax;Zwolle;09/09/2017;1,22;01-09-2017 23:27:17;ED;WHILL;ESITO1X2;JAVA_WEB_APP;1;CALCIO;
Ajax;Zwolle;09/09/2017;6,0;01-09-2017 23:27:17;ED;WHILL;ESITO1X2;JAVA_WEB_APP;X;CALCIO;
Ajax;Zwolle;09/09/2017;11,0;01-09-2017 23:27:17;ED;WHILL;ESITO1X2;JAVA_WEB_APP;2;CALCIO;
Excelsior;Vitesse;09/09/2017;3,1;01-09-2017 23:27:17;ED;WHILL;ESITO1X2;JAVA_WEB_APP;1;CALCIO;
Excelsior;Vitesse;09/09/2017;3,4;01-09-2017 23:27:17;ED;WHILL;ESITO1X2;JAVA_WEB_APP;X;CALCIO;
Excelsior;Vitesse;09/09/2017;2,15;01-09-2017 23:27:17;ED;WHILL;ESITO1X2;JAVA_WEB_APP;2;CALCIO;
ScHeerenveen;PSVEindhoven;10/09/2017;5,0;01-09-2017 23:27:17;ED;WHILL;ESITO1X2;JAVA_WEB_APP;1;CALCIO;
ScHeerenveen;PSVEindhoven;10/09/2017;4,33;01-09-2017 23:27:17;ED;WHILL;ESITO1X2;JAVA_WEB_APP;X;CALCIO;
ScHeerenveen;PSVEindhoven;10/09/2017;1,53;01-09-2017 23:27:17;ED;WHILL;ESITO1X2;JAVA_WEB_APP;2;CALCIO;
AZAlkmaar;NAC;10/09/2017;1,35;01-09-2017 23:27:17;ED;WHILL;ESITO1X2;JAVA_WEB_APP;1;CALCIO;
AZAlkmaar;NAC;10/09/2017;4,8;01-09-2017 23:27:17;ED;WHILL;ESITO1X2;JAVA_WEB_APP;X;CALCIO;
AZAlkmaar;NAC;10/09/2017;7,5;01-09-2017 23:27:17;ED;WHILL;ESITO1X2;JAVA_WEB_APP;2;CALCIO;
FcUtrecht;RodaJC;10/09/2017;1,36;01-09-2017 23:27:17;ED;WHILL;ESITO1X2;JAVA_WEB_APP;1;CALCIO;
FcUtrecht;RodaJC;10/09/2017;4,5;01-09-2017 23:27:17;ED;WHILL;ESITO1X2;JAVA_WEB_APP;X;CALCIO;
FcUtrecht;RodaJC;10/09/2017;8,0;01-09-2017 23:27:17;ED;WHILL;ESITO1X2;JAVA_WEB_APP;2;CALCIO;
Sparta;FCTwente;10/09/2017;2,2;01-09-2017 23:27:17;ED;WHILL;ESITO1X2;JAVA_WEB_APP;1;CALCIO;
Sparta;FCTwente;10/09/2017;3,4;01-09-2017 23:27:17;ED;WHILL;ESITO1X2;JAVA_WEB_APP;X;CALCIO;
Sparta;FCTwente;10/09/2017;3,0;01-09-2017 23:27:17;ED;WHILL;ESITO1X2;JAVA_WEB_APP;2;CALCIO;
FCGroningen;VVVVenlo;10/09/2017;2,0;01-09-2017 23:27:17;ED;WHILL;ESITO1X2;JAVA_WEB_APP;1;CALCIO;
FCGroningen;VVVVenlo;10/09/2017;3,4;01-09-2017 23:27:17;ED;WHILL;ESITO1X2;JAVA_WEB_APP;X;CALCIO;
FCGroningen;VVVVenlo;10/09/2017;3,5;01-09-2017 23:27:17;ED;WHILL;ESITO1X2;JAVA_WEB_APP;2;CALCIO;
Hamilton;Celtic;08/09/2017;13,0;01-09-2017 23:27:18;SPL;WHILL;ESITO1X2;JAVA_WEB_APP;1;CALCIO;
Hamilton;Celtic;08/09/2017;6,0;01-09-2017 23:27:18;SPL;WHILL;ESITO1X2;JAVA_WEB_APP;X;CALCIO;
Hamilton;Celtic;08/09/2017;1,22;01-09-2017 23:27:18;SPL;WHILL;ESITO1X2;JAVA_WEB_APP;2;CALCIO;
Hearts;Aberdeen;09/09/2017;3,4;01-09-2017 23:27:18;SPL;WHILL;ESITO1X2;JAVA_WEB_APP;1;CALCIO;
Hearts;Aberdeen;09/09/2017;3,6;01-09-2017 23:27:18;SPL;WHILL;ESITO1X2;JAVA_WEB_APP;X;CALCIO;
Hearts;Aberdeen;09/09/2017;2,05;01-09-2017 23:27:18;SPL;WHILL;ESITO1X2;JAVA_WEB_APP;2;CALCIO;
Motherwell;Kilmarnock;09/09/2017;2,05;01-09-2017 23:27:18;SPL;WHILL;ESITO1X2;JAVA_WEB_APP;1;CALCIO;
Motherwell;Kilmarnock;09/09/2017;3,4;01-09-2017 23:27:18;SPL;WHILL;ESITO1X2;JAVA_WEB_APP;X;CALCIO;
Motherwell;Kilmarnock;09/09/2017;3,6;01-09-2017 23:27:18;SPL;WHILL;ESITO1X2;JAVA_WEB_APP;2;CALCIO;
Rangers;DundeeFC;09/09/2017;1,33;01-09-2017 23:27:18;SPL;WHILL;ESITO1X2;JAVA_WEB_APP;1;CALCIO;
Rangers;DundeeFC;09/09/2017;5,0;01-09-2017 23:27:18;SPL;WHILL;ESITO1X2;JAVA_WEB_APP;X;CALCIO;
Rangers;DundeeFC;09/09/2017;9,0;01-09-2017 23:27:18;SPL;WHILL;ESITO1X2;JAVA_WEB_APP;2;CALCIO;
RossCounty;PartickThistle;09/09/2017;2,5;01-09-2017 23:27:18;SPL;WHILL;ESITO1X2;JAVA_WEB_APP;1;CALCIO;
RossCounty;PartickThistle;09/09/2017;3,3;01-09-2017 23:27:18;SPL;WHILL;ESITO1X2;JAVA_WEB_APP;X;CALCIO;
RossCounty;PartickThistle;09/09/2017;2,8;01-09-2017 23:27:18;SPL;WHILL;ESITO1X2;JAVA_WEB_APP;2;CALCIO;
St.Johnstone;Hibernian;09/09/2017;2,8;01-09-2017 23:27:18;SPL;WHILL;ESITO1X2;JAVA_WEB_APP;1;CALCIO;
St.Johnstone;Hibernian;09/09/2017;3,3;01-09-2017 23:27:18;SPL;WHILL;ESITO1X2;JAVA_WEB_APP;X;CALCIO;
St.Johnstone;Hibernian;09/09/2017;2,5;01-09-2017 23:27:18;SPL;WHILL;ESITO1X2;JAVA_WEB_APP;2;CALCIO;
Aves;Belenenses;10/09/2017;2,15;01-09-2017 23:27:19;LP;WHILL;ESITO1X2;JAVA_WEB_APP;1;CALCIO;
Aves;Belenenses;10/09/2017;3,1;01-09-2017 23:27:19;LP;WHILL;ESITO1X2;JAVA_WEB_APP;X;CALCIO;
Aves;Belenenses;10/09/2017;3,4;01-09-2017 23:27:19;LP;WHILL;ESITO1X2;JAVA_WEB_APP;2;CALCIO;
Benfica;Portimonense;10/09/2017;1,18;01-09-2017 23:27:19;LP;WHILL;ESITO1X2;JAVA_WEB_APP;1;CALCIO;
Benfica;Portimonense;10/09/2017;6,5;01-09-2017 23:27:19;LP;WHILL;ESITO1X2;JAVA_WEB_APP;X;CALCIO;
Benfica;Portimonense;10/09/2017;13,0;01-09-2017 23:27:19;LP;WHILL;ESITO1X2;JAVA_WEB_APP;2;CALCIO;
Estoril;Moreirense;10/09/2017;2,0;01-09-2017 23:27:19;LP;WHILL;ESITO1X2;JAVA_WEB_APP;1;CALCIO;
Estoril;Moreirense;10/09/2017;3,2;01-09-2017 23:27:19;LP;WHILL;ESITO1X2;JAVA_WEB_APP;X;CALCIO;
Estoril;Moreirense;10/09/2017;3,75;01-09-2017 23:27:19;LP;WHILL;ESITO1X2;JAVA_WEB_APP;2;CALCIO;
FCPorto;Chaves;10/09/2017;1,15;01-09-2017 23:27:19;LP;WHILL;ESITO1X2;JAVA_WEB_APP;1;CALCIO;
FCPorto;Chaves;10/09/2017;7,0;01-09-2017 23:27:19;LP;WHILL;ESITO1X2;JAVA_WEB_APP;X;CALCIO;
FCPorto;Chaves;10/09/2017;15,0;01-09-2017 23:27:19;LP;WHILL;ESITO1X2;JAVA_WEB_APP;2;CALCIO;
Feirense;SportingLisbona;10/09/2017;7,5;01-09-2017 23:27:19;LP;WHILL;ESITO1X2;JAVA_WEB_APP;1;CALCIO;
Feirense;SportingLisbona;10/09/2017;4,33;01-09-2017 23:27:19;LP;WHILL;ESITO1X2;JAVA_WEB_APP;X;CALCIO;
Feirense;SportingLisbona;10/09/2017;1,4;01-09-2017 23:27:19;LP;WHILL;ESITO1X2;JAVA_WEB_APP;2;CALCIO;
Maritimo;RioAve;10/09/2017;2,75;01-09-2017 23:27:19;LP;WHILL;ESITO1X2;JAVA_WEB_APP;1;CALCIO;
Maritimo;RioAve;10/09/2017;3,0;01-09-2017 23:27:19;LP;WHILL;ESITO1X2;JAVA_WEB_APP;X;CALCIO;
Maritimo;RioAve;10/09/2017;2,6;01-09-2017 23:27:19;LP;WHILL;ESITO1X2;JAVA_WEB_APP;2;CALCIO;
Tondela;PacosdeFerreira;10/09/2017;2,5;01-09-2017 23:27:19;LP;WHILL;ESITO1X2;JAVA_WEB_APP;1;CALCIO;
Tondela;PacosdeFerreira;10/09/2017;3,0;01-09-2017 23:27:19;LP;WHILL;ESITO1X2;JAVA_WEB_APP;X;CALCIO;
Tondela;PacosdeFerreira;10/09/2017;2,87;01-09-2017 23:27:19;LP;WHILL;ESITO1X2;JAVA_WEB_APP;2;CALCIO;
VitoriaGuimaraes;BoavistaFC;10/09/2017;2,0;01-09-2017 23:27:19;LP;WHILL;ESITO1X2;JAVA_WEB_APP;1;CALCIO;
VitoriaGuimaraes;BoavistaFC;10/09/2017;3,2;01-09-2017 23:27:19;LP;WHILL;ESITO1X2;JAVA_WEB_APP;X;CALCIO;
VitoriaGuimaraes;BoavistaFC;10/09/2017;3,75;01-09-2017 23:27:19;LP;WHILL;ESITO1X2;JAVA_WEB_APP;2;CALCIO;
VitoriaSetubal;Braga;10/09/2017;2,75;01-09-2017 23:27:19;LP;WHILL;ESITO1X2;JAVA_WEB_APP;1;CALCIO;
VitoriaSetubal;Braga;10/09/2017;2,9;01-09-2017 23:27:19;LP;WHILL;ESITO1X2;JAVA_WEB_APP;X;CALCIO;
VitoriaSetubal;Braga;10/09/2017;2,7;01-09-2017 23:27:19;LP;WHILL;ESITO1X2;JAVA_WEB_APP;2;CALCIO;
Ostersund;Eskilstuna;09/09/2017;1,25;01-09-2017 23:27:19;SWL;WHILL;ESITO1X2;JAVA_WEB_APP;1;CALCIO;
Ostersund;Eskilstuna;09/09/2017;5,5;01-09-2017 23:27:19;SWL;WHILL;ESITO1X2;JAVA_WEB_APP;X;CALCIO;
Ostersund;Eskilstuna;09/09/2017;10,0;01-09-2017 23:27:19;SWL;WHILL;ESITO1X2;JAVA_WEB_APP;2;CALCIO;
Elfsborg;Kalmar;10/09/2017;1,72;01-09-2017 23:27:19;SWL;WHILL;ESITO1X2;JAVA_WEB_APP;1;CALCIO;
Elfsborg;Kalmar;10/09/2017;3,8;01-09-2017 23:27:19;SWL;WHILL;ESITO1X2;JAVA_WEB_APP;X;CALCIO;
Elfsborg;Kalmar;10/09/2017;4,2;01-09-2017 23:27:19;SWL;WHILL;ESITO1X2;JAVA_WEB_APP;2;CALCIO;
Halmstads;Hacken;10/09/2017;3,5;01-09-2017 23:27:19;SWL;WHILL;ESITO1X2;JAVA_WEB_APP;1;CALCIO;
Halmstads;Hacken;10/09/2017;3,4;01-09-2017 23:27:19;SWL;WHILL;ESITO1X2;JAVA_WEB_APP;X;CALCIO;
Halmstads;Hacken;10/09/2017;2,0;01-09-2017 23:27:19;SWL;WHILL;ESITO1X2;JAVA_WEB_APP;2;CALCIO;
Hammarby;AIKSolna;10/09/2017;3,0;01-09-2017 23:27:19;SWL;WHILL;ESITO1X2;JAVA_WEB_APP;1;CALCIO;
Hammarby;AIKSolna;10/09/2017;3,2;01-09-2017 23:27:19;SWL;WHILL;ESITO1X2;JAVA_WEB_APP;X;CALCIO;
Hammarby;AIKSolna;10/09/2017;2,3;01-09-2017 23:27:19;SWL;WHILL;ESITO1X2;JAVA_WEB_APP;2;CALCIO;
Orebro;Malmo;10/09/2017;4,75;01-09-2017 23:27:19;SWL;WHILL;ESITO1X2;JAVA_WEB_APP;1;CALCIO;
Orebro;Malmo;10/09/2017;3,8;01-09-2017 23:27:19;SWL;WHILL;ESITO1X2;JAVA_WEB_APP;X;CALCIO;
Orebro;Malmo;10/09/2017;1,65;01-09-2017 23:27:19;SWL;WHILL;ESITO1X2;JAVA_WEB_APP;2;CALCIO;
JonkopingsSodra;Norrkoping;10/09/2017;2,75;01-09-2017 23:27:19;SWL;WHILL;ESITO1X2;JAVA_WEB_APP;1;CALCIO;
JonkopingsSodra;Norrkoping;10/09/2017;3,4;01-09-2017 23:27:19;SWL;WHILL;ESITO1X2;JAVA_WEB_APP;X;CALCIO;
JonkopingsSodra;Norrkoping;10/09/2017;2,37;01-09-2017 23:27:19;SWL;WHILL;ESITO1X2;JAVA_WEB_APP;2;CALCIO;
Sirius;GIFSundsvall;10/09/2017;1,75;01-09-2017 23:27:19;SWL;WHILL;ESITO1X2;JAVA_WEB_APP;1;CALCIO;
Sirius;GIFSundsvall;10/09/2017;3,6;01-09-2017 23:27:19;SWL;WHILL;ESITO1X2;JAVA_WEB_APP;X;CALCIO;
Sirius;GIFSundsvall;10/09/2017;4,33;01-09-2017 23:27:19;SWL;WHILL;ESITO1X2;JAVA_WEB_APP;2;CALCIO;
Goteborg;Djurgarden;11/09/2017;2,5;01-09-2017 23:27:19;SWL;WHILL;ESITO1X2;JAVA_WEB_APP;1;CALCIO;
Goteborg;Djurgarden;11/09/2017;3,4;01-09-2017 23:27:19;SWL;WHILL;ESITO1X2;JAVA_WEB_APP;X;CALCIO;
Goteborg;Djurgarden;11/09/2017;2,6;01-09-2017 23:27:19;SWL;WHILL;ESITO1X2;JAVA_WEB_APP;2;CALCIO;
InterTurku;Ilves;07/09/2017;2,37;01-09-2017 23:27:20;FLV;WHILL;ESITO1X2;JAVA_WEB_APP;1;CALCIO;
InterTurku;Ilves;07/09/2017;3,2;01-09-2017 23:27:20;FLV;WHILL;ESITO1X2;JAVA_WEB_APP;X;CALCIO;
InterTurku;Ilves;07/09/2017;2,9;01-09-2017 23:27:20;FLV;WHILL;ESITO1X2;JAVA_WEB_APP;2;CALCIO;
JJK;FCLahti;07/09/2017;5,0;01-09-2017 23:27:20;FLV;WHILL;ESITO1X2;JAVA_WEB_APP;1;CALCIO;
JJK;FCLahti;07/09/2017;3,8;01-09-2017 23:27:20;FLV;WHILL;ESITO1X2;JAVA_WEB_APP;X;CALCIO;
JJK;FCLahti;07/09/2017;1,61;01-09-2017 23:27:20;FLV;WHILL;ESITO1X2;JAVA_WEB_APP;2;CALCIO;
Rops;PSKemi;07/09/2017;1,9;01-09-2017 23:27:20;FLV;WHILL;ESITO1X2;JAVA_WEB_APP;1;CALCIO;
Rops;PSKemi;07/09/2017;3,6;01-09-2017 23:27:20;FLV;WHILL;ESITO1X2;JAVA_WEB_APP;X;CALCIO;
Rops;PSKemi;07/09/2017;3,6;01-09-2017 23:27:20;FLV;WHILL;ESITO1X2;JAVA_WEB_APP;2;CALCIO;
HIFK;Mariehamn;08/09/2017;2,62;01-09-2017 23:27:20;FLV;WHILL;ESITO1X2;JAVA_WEB_APP;1;CALCIO;
HIFK;Mariehamn;08/09/2017;3,2;01-09-2017 23:27:20;FLV;WHILL;ESITO1X2;JAVA_WEB_APP;X;CALCIO;
HIFK;Mariehamn;08/09/2017;2,6;01-09-2017 23:27:20;FLV;WHILL;ESITO1X2;JAVA_WEB_APP;2;CALCIO;
KuopioPS;SJK;08/09/2017;1,95;01-09-2017 23:27:20;FLV;WHILL;ESITO1X2;JAVA_WEB_APP;1;CALCIO;
KuopioPS;SJK;08/09/2017;3,3;01-09-2017 23:27:20;FLV;WHILL;ESITO1X2;JAVA_WEB_APP;X;CALCIO;
KuopioPS;SJK;08/09/2017;3,8;01-09-2017 23:27:20;FLV;WHILL;ESITO1X2;JAVA_WEB_APP;2;CALCIO;
VPS;HJK;08/09/2017;5,5;01-09-2017 23:27:20;FLV;WHILL;ESITO1X2;JAVA_WEB_APP;1;CALCIO;
VPS;HJK;08/09/2017;3,6;01-09-2017 23:27:20;FLV;WHILL;ESITO1X2;JAVA_WEB_APP;X;CALCIO;
VPS;HJK;08/09/2017;1,61;01-09-2017 23:27:20;FLV;WHILL;ESITO1X2;JAVA_WEB_APP;2;CALCIO;
Horsens;Nordsjaelland;08/09/2017;3,25;01-09-2017 23:27:21;DSP;WHILL;ESITO1X2;JAVA_WEB_APP;1;CALCIO;
Horsens;Nordsjaelland;08/09/2017;3,5;01-09-2017 23:27:21;DSP;WHILL;ESITO1X2;JAVA_WEB_APP;X;CALCIO;
Horsens;Nordsjaelland;08/09/2017;2,05;01-09-2017 23:27:21;DSP;WHILL;ESITO1X2;JAVA_WEB_APP;2;CALCIO;
Hobro;Sonderjyske;08/09/2017;2,37;01-09-2017 23:27:21;DSP;WHILL;ESITO1X2;JAVA_WEB_APP;1;CALCIO;
Hobro;Sonderjyske;08/09/2017;3,3;01-09-2017 23:27:21;DSP;WHILL;ESITO1X2;JAVA_WEB_APP;X;CALCIO;
Hobro;Sonderjyske;08/09/2017;2,8;01-09-2017 23:27:21;DSP;WHILL;ESITO1X2;JAVA_WEB_APP;2;CALCIO;
AGF;RandersFc;09/09/2017;2,15;01-09-2017 23:27:21;DSP;WHILL;ESITO1X2;JAVA_WEB_APP;1;CALCIO;
AGF;RandersFc;09/09/2017;3,1;01-09-2017 23:27:21;DSP;WHILL;ESITO1X2;JAVA_WEB_APP;X;CALCIO;
AGF;RandersFc;09/09/2017;3,4;01-09-2017 23:27:21;DSP;WHILL;ESITO1X2;JAVA_WEB_APP;2;CALCIO;
Lyngby;Helsingor;10/09/2017;1,66;01-09-2017 23:27:21;DSP;WHILL;ESITO1X2;JAVA_WEB_APP;1;CALCIO;
Lyngby;Helsingor;10/09/2017;3,75;01-09-2017 23:27:21;DSP;WHILL;ESITO1X2;JAVA_WEB_APP;X;CALCIO;
Lyngby;Helsingor;10/09/2017;4,75;01-09-2017 23:27:21;DSP;WHILL;ESITO1X2;JAVA_WEB_APP;2;CALCIO;
OdenseBK;Brondby;10/09/2017;3,8;01-09-2017 23:27:21;DSP;WHILL;ESITO1X2;JAVA_WEB_APP;1;CALCIO;
OdenseBK;Brondby;10/09/2017;3,6;01-09-2017 23:27:21;DSP;WHILL;ESITO1X2;JAVA_WEB_APP;X;CALCIO;
OdenseBK;Brondby;10/09/2017;1,85;01-09-2017 23:27:21;DSP;WHILL;ESITO1X2;JAVA_WEB_APP;2;CALCIO;
Copenhagen;Midtjylland;10/09/2017;1,9;01-09-2017 23:27:21;DSP;WHILL;ESITO1X2;JAVA_WEB_APP;1;CALCIO;
Copenhagen;Midtjylland;10/09/2017;3,6;01-09-2017 23:27:21;DSP;WHILL;ESITO1X2;JAVA_WEB_APP;X;CALCIO;
Copenhagen;Midtjylland;10/09/2017;3,6;01-09-2017 23:27:21;DSP;WHILL;ESITO1X2;JAVA_WEB_APP;2;CALCIO;
Aalborg;Silkeborg;11/09/2017;1,85;01-09-2017 23:27:21;DSP;WHILL;ESITO1X2;JAVA_WEB_APP;1;CALCIO;
Aalborg;Silkeborg;11/09/2017;3,5;01-09-2017 23:27:21;DSP;WHILL;ESITO1X2;JAVA_WEB_APP;X;CALCIO;
Aalborg;Silkeborg;11/09/2017;4,0;01-09-2017 23:27:21;DSP;WHILL;ESITO1X2;JAVA_WEB_APP;2;CALCIO;
Montreal;Chicago;03/09/2017;2,0;01-09-2017 23:27:23;MLS;WHILL;ESITO1X2;JAVA_WEB_APP;1;CALCIO;
Montreal;Chicago;03/09/2017;3,75;01-09-2017 23:27:23;MLS;WHILL;ESITO1X2;JAVA_WEB_APP;X;CALCIO;
Montreal;Chicago;03/09/2017;3,2;01-09-2017 23:27:23;MLS;WHILL;ESITO1X2;JAVA_WEB_APP;2;CALCIO;
NewEngland;Orlando;03/09/2017;1,66;01-09-2017 23:27:23;MLS;WHILL;ESITO1X2;JAVA_WEB_APP;1;CALCIO;
NewEngland;Orlando;03/09/2017;4,0;01-09-2017 23:27:23;MLS;WHILL;ESITO1X2;JAVA_WEB_APP;X;CALCIO;
NewEngland;Orlando;03/09/2017;4,33;01-09-2017 23:27:23;MLS;WHILL;ESITO1X2;JAVA_WEB_APP;2;CALCIO;
FCDallas;NewYork;03/09/2017;2,0;01-09-2017 23:27:23;MLS;WHILL;ESITO1X2;JAVA_WEB_APP;1;CALCIO;
FCDallas;NewYork;03/09/2017;3,5;01-09-2017 23:27:23;MLS;WHILL;ESITO1X2;JAVA_WEB_APP;X;CALCIO;
FCDallas;NewYork;03/09/2017;3,4;01-09-2017 23:27:23;MLS;WHILL;ESITO1X2;JAVA_WEB_APP;2;CALCIO;
LAGalaxy;Colorado;03/09/2017;1,83;01-09-2017 23:27:23;MLS;WHILL;ESITO1X2;JAVA_WEB_APP;1;CALCIO;
LAGalaxy;Colorado;03/09/2017;3,5;01-09-2017 23:27:23;MLS;WHILL;ESITO1X2;JAVA_WEB_APP;X;CALCIO;
LAGalaxy;Colorado;03/09/2017;4,0;01-09-2017 23:27:23;MLS;WHILL;ESITO1X2;JAVA_WEB_APP;2;CALCIO;
Brann;Sogndal;09/09/2017;1,57;01-09-2017 23:27:23;NTL;WHILL;ESITO1X2;JAVA_WEB_APP;1;CALCIO;
Brann;Sogndal;09/09/2017;3,8;01-09-2017 23:27:23;NTL;WHILL;ESITO1X2;JAVA_WEB_APP;X;CALCIO;
Brann;Sogndal;09/09/2017;5,5;01-09-2017 23:27:23;NTL;WHILL;ESITO1X2;JAVA_WEB_APP;2;CALCIO;
Aalesund;Stabaek;10/09/2017;2,1;01-09-2017 23:27:23;NTL;WHILL;ESITO1X2;JAVA_WEB_APP;1;CALCIO;
Aalesund;Stabaek;10/09/2017;3,6;01-09-2017 23:27:23;NTL;WHILL;ESITO1X2;JAVA_WEB_APP;X;CALCIO;
Aalesund;Stabaek;10/09/2017;3,1;01-09-2017 23:27:23;NTL;WHILL;ESITO1X2;JAVA_WEB_APP;2;CALCIO;
Haugesund;Lillestrom;10/09/2017;2,0;01-09-2017 23:27:23;NTL;WHILL;ESITO1X2;JAVA_WEB_APP;1;CALCIO;
Haugesund;Lillestrom;10/09/2017;3,6;01-09-2017 23:27:23;NTL;WHILL;ESITO1X2;JAVA_WEB_APP;X;CALCIO;
Haugesund;Lillestrom;10/09/2017;3,3;01-09-2017 23:27:23;NTL;WHILL;ESITO1X2;JAVA_WEB_APP;2;CALCIO;
Kristiansund;Tromso;10/09/2017;2,3;01-09-2017 23:27:23;NTL;WHILL;ESITO1X2;JAVA_WEB_APP;1;CALCIO;
Kristiansund;Tromso;10/09/2017;3,4;01-09-2017 23:27:23;NTL;WHILL;ESITO1X2;JAVA_WEB_APP;X;CALCIO;
Kristiansund;Tromso;10/09/2017;2,87;01-09-2017 23:27:23;NTL;WHILL;ESITO1X2;JAVA_WEB_APP;2;CALCIO;
Sandefjord;Viking;10/09/2017;2,15;01-09-2017 23:27:23;NTL;WHILL;ESITO1X2;JAVA_WEB_APP;1;CALCIO;
Sandefjord;Viking;10/09/2017;3,3;01-09-2017 23:27:23;NTL;WHILL;ESITO1X2;JAVA_WEB_APP;X;CALCIO;
Sandefjord;Viking;10/09/2017;3,2;01-09-2017 23:27:23;NTL;WHILL;ESITO1X2;JAVA_WEB_APP;2;CALCIO;
Valerenga;Sarpsborg08;10/09/2017;2,37;01-09-2017 23:27:23;NTL;WHILL;ESITO1X2;JAVA_WEB_APP;1;CALCIO;
Valerenga;Sarpsborg08;10/09/2017;3,3;01-09-2017 23:27:23;NTL;WHILL;ESITO1X2;JAVA_WEB_APP;X;CALCIO;
Valerenga;Sarpsborg08;10/09/2017;2,8;01-09-2017 23:27:23;NTL;WHILL;ESITO1X2;JAVA_WEB_APP;2;CALCIO;
Stromsgodset;Rosenborg;10/09/2017;2,75;01-09-2017 23:27:23;NTL;WHILL;ESITO1X2;JAVA_WEB_APP;1;CALCIO;
Stromsgodset;Rosenborg;10/09/2017;3,4;01-09-2017 23:27:23;NTL;WHILL;ESITO1X2;JAVA_WEB_APP;X;CALCIO;
Stromsgodset;Rosenborg;10/09/2017;2,37;01-09-2017 23:27:23;NTL;WHILL;ESITO1X2;JAVA_WEB_APP;2;CALCIO;
Molde;OddBK;11/09/2017;1,8;01-09-2017 23:27:23;NTL;WHILL;ESITO1X2;JAVA_WEB_APP;1;CALCIO;
Molde;OddBK;11/09/2017;3,5;01-09-2017 23:27:23;NTL;WHILL;ESITO1X2;JAVA_WEB_APP;X;CALCIO;
Molde;OddBK;11/09/2017;4,2;01-09-2017 23:27:23;NTL;WHILL;ESITO1X2;JAVA_WEB_APP;2;CALCIO;
DerbyCounty;HullCity;08/09/2017;2,0;01-09-2017 23:27:24;ECS;WHILL;ESITO1X2;JAVA_WEB_APP;1;CALCIO;
DerbyCounty;HullCity;08/09/2017;3,4;01-09-2017 23:27:24;ECS;WHILL;ESITO1X2;JAVA_WEB_APP;X;CALCIO;
DerbyCounty;HullCity;08/09/2017;3,75;01-09-2017 23:27:24;ECS;WHILL;ESITO1X2;JAVA_WEB_APP;2;CALCIO;
AstonVilla;Brentford;09/09/2017;2,05;01-09-2017 23:27:24;ECS;WHILL;ESITO1X2;JAVA_WEB_APP;1;CALCIO;
AstonVilla;Brentford;09/09/2017;3,6;01-09-2017 23:27:24;ECS;WHILL;ESITO1X2;JAVA_WEB_APP;X;CALCIO;
AstonVilla;Brentford;09/09/2017;3,4;01-09-2017 23:27:24;ECS;WHILL;ESITO1X2;JAVA_WEB_APP;2;CALCIO;
Bolton;Middlesbrough;09/09/2017;4,0;01-09-2017 23:27:24;ECS;WHILL;ESITO1X2;JAVA_WEB_APP;1;CALCIO;
Bolton;Middlesbrough;09/09/2017;3,25;01-09-2017 23:27:24;ECS;WHILL;ESITO1X2;JAVA_WEB_APP;X;CALCIO;
Bolton;Middlesbrough;09/09/2017;2,0;01-09-2017 23:27:24;ECS;WHILL;ESITO1X2;JAVA_WEB_APP;2;CALCIO;
Fulham;CardiffCity;09/09/2017;2,15;01-09-2017 23:27:24;ECS;WHILL;ESITO1X2;JAVA_WEB_APP;1;CALCIO;
Fulham;CardiffCity;09/09/2017;3,5;01-09-2017 23:27:24;ECS;WHILL;ESITO1X2;JAVA_WEB_APP;X;CALCIO;
Fulham;CardiffCity;09/09/2017;3,25;01-09-2017 23:27:24;ECS;WHILL;ESITO1X2;JAVA_WEB_APP;2;CALCIO;
Leeds;BurtonAlbion;09/09/2017;1,55;01-09-2017 23:27:24;ECS;WHILL;ESITO1X2;JAVA_WEB_APP;1;CALCIO;
Leeds;BurtonAlbion;09/09/2017;4,0;01-09-2017 23:27:24;ECS;WHILL;ESITO1X2;JAVA_WEB_APP;X;CALCIO;
Leeds;BurtonAlbion;09/09/2017;6,0;01-09-2017 23:27:24;ECS;WHILL;ESITO1X2;JAVA_WEB_APP;2;CALCIO;
Norwich;Birmingham;09/09/2017;1,8;01-09-2017 23:27:24;ECS;WHILL;ESITO1X2;JAVA_WEB_APP;1;CALCIO;
Norwich;Birmingham;09/09/2017;3,75;01-09-2017 23:27:24;ECS;WHILL;ESITO1X2;JAVA_WEB_APP;X;CALCIO;
Norwich;Birmingham;09/09/2017;4,2;01-09-2017 23:27:24;ECS;WHILL;ESITO1X2;JAVA_WEB_APP;2;CALCIO;
Preston;Barnsley;09/09/2017;1,72;01-09-2017 23:27:24;ECS;WHILL;ESITO1X2;JAVA_WEB_APP;1;CALCIO;
Preston;Barnsley;09/09/2017;3,8;01-09-2017 23:27:24;ECS;WHILL;ESITO1X2;JAVA_WEB_APP;X;CALCIO;
Preston;Barnsley;09/09/2017;4,6;01-09-2017 23:27:24;ECS;WHILL;ESITO1X2;JAVA_WEB_APP;2;CALCIO;
QPR;IpswichTown;09/09/2017;2,05;01-09-2017 23:27:24;ECS;WHILL;ESITO1X2;JAVA_WEB_APP;1;CALCIO;
QPR;IpswichTown;09/09/2017;3,4;01-09-2017 23:27:24;ECS;WHILL;ESITO1X2;JAVA_WEB_APP;X;CALCIO;
QPR;IpswichTown;09/09/2017;3,6;01-09-2017 23:27:24;ECS;WHILL;ESITO1X2;JAVA_WEB_APP;2;CALCIO;
Reading;BristolCity;09/09/2017;2,4;01-09-2017 23:27:24;ECS;WHILL;ESITO1X2;JAVA_WEB_APP;1;CALCIO;
Reading;BristolCity;09/09/2017;3,4;01-09-2017 23:27:24;ECS;WHILL;ESITO1X2;JAVA_WEB_APP;X;CALCIO;
Reading;BristolCity;09/09/2017;2,8;01-09-2017 23:27:24;ECS;WHILL;ESITO1X2;JAVA_WEB_APP;2;CALCIO;
SheffWed;NottinghamForest;09/09/2017;1,9;01-09-2017 23:27:24;ECS;WHILL;ESITO1X2;JAVA_WEB_APP;1;CALCIO;
SheffWed;NottinghamForest;09/09/2017;3,5;01-09-2017 23:27:24;ECS;WHILL;ESITO1X2;JAVA_WEB_APP;X;CALCIO;
SheffWed;NottinghamForest;09/09/2017;4,0;01-09-2017 23:27:24;ECS;WHILL;ESITO1X2;JAVA_WEB_APP;2;CALCIO;
Sunderland;SheffieldUnited;09/09/2017;2,1;01-09-2017 23:27:24;ECS;WHILL;ESITO1X2;JAVA_WEB_APP;1;CALCIO;
Sunderland;SheffieldUnited;09/09/2017;3,25;01-09-2017 23:27:24;ECS;WHILL;ESITO1X2;JAVA_WEB_APP;X;CALCIO;
Sunderland;SheffieldUnited;09/09/2017;3,6;01-09-2017 23:27:24;ECS;WHILL;ESITO1X2;JAVA_WEB_APP;2;CALCIO;
Wolves;Millwall;09/09/2017;1,85;01-09-2017 23:27:24;ECS;WHILL;ESITO1X2;JAVA_WEB_APP;1;CALCIO;
Wolves;Millwall;09/09/2017;3,5;01-09-2017 23:27:24;ECS;WHILL;ESITO1X2;JAVA_WEB_APP;X;CALCIO;
Wolves;Millwall;09/09/2017;4,33;01-09-2017 23:27:24;ECS;WHILL;ESITO1X2;JAVA_WEB_APP;2;CALCIO;
AmkarPerm;CSKAMosca;08/09/2017;5,5;01-09-2017 23:27:25;RPL;WHILL;ESITO1X2;JAVA_WEB_APP;1;CALCIO;
AmkarPerm;CSKAMosca;08/09/2017;3,25;01-09-2017 23:27:25;RPL;WHILL;ESITO1X2;JAVA_WEB_APP;X;CALCIO;
AmkarPerm;CSKAMosca;08/09/2017;1,66;01-09-2017 23:27:25;RPL;WHILL;ESITO1X2;JAVA_WEB_APP;2;CALCIO;
Tosno;Anzhi;09/09/2017;2,15;01-09-2017 23:27:25;RPL;WHILL;ESITO1X2;JAVA_WEB_APP;1;CALCIO;
Tosno;Anzhi;09/09/2017;2,9;01-09-2017 23:27:25;RPL;WHILL;ESITO1X2;JAVA_WEB_APP;X;CALCIO;
Tosno;Anzhi;09/09/2017;3,6;01-09-2017 23:27:25;RPL;WHILL;ESITO1X2;JAVA_WEB_APP;2;CALCIO;
Rostov;ArsenalTula;09/09/2017;1,53;01-09-2017 23:27:25;RPL;WHILL;ESITO1X2;JAVA_WEB_APP;1;CALCIO;
Rostov;ArsenalTula;09/09/2017;3,4;01-09-2017 23:27:25;RPL;WHILL;ESITO1X2;JAVA_WEB_APP;X;CALCIO;
Rostov;ArsenalTula;09/09/2017;7,0;01-09-2017 23:27:25;RPL;WHILL;ESITO1X2;JAVA_WEB_APP;2;CALCIO;
SpartakMosca;RubinKazan;09/09/2017;1,8;01-09-2017 23:27:25;RPL;WHILL;ESITO1X2;JAVA_WEB_APP;1;CALCIO;
SpartakMosca;RubinKazan;09/09/2017;3,25;01-09-2017 23:27:25;RPL;WHILL;ESITO1X2;JAVA_WEB_APP;X;CALCIO;
SpartakMosca;RubinKazan;09/09/2017;4,4;01-09-2017 23:27:25;RPL;WHILL;ESITO1X2;JAVA_WEB_APP;2;CALCIO;
DinamoMosca;Zenit;10/09/2017;4,2;01-09-2017 23:27:25;RPL;WHILL;ESITO1X2;JAVA_WEB_APP;1;CALCIO;
DinamoMosca;Zenit;10/09/2017;3,2;01-09-2017 23:27:25;RPL;WHILL;ESITO1X2;JAVA_WEB_APP;X;CALCIO;
DinamoMosca;Zenit;10/09/2017;1,85;01-09-2017 23:27:25;RPL;WHILL;ESITO1X2;JAVA_WEB_APP;2;CALCIO;
Ufa;DinamoKrasnodar;10/09/2017;2,9;01-09-2017 23:27:25;RPL;WHILL;ESITO1X2;JAVA_WEB_APP;1;CALCIO;
Ufa;DinamoKrasnodar;10/09/2017;3,0;01-09-2017 23:27:25;RPL;WHILL;ESITO1X2;JAVA_WEB_APP;X;CALCIO;
Ufa;DinamoKrasnodar;10/09/2017;2,45;01-09-2017 23:27:25;RPL;WHILL;ESITO1X2;JAVA_WEB_APP;2;CALCIO;
AkhmatGrozny;LokomotivMosca;10/09/2017;2,5;01-09-2017 23:27:25;RPL;WHILL;ESITO1X2;JAVA_WEB_APP;1;CALCIO;
AkhmatGrozny;LokomotivMosca;10/09/2017;3,0;01-09-2017 23:27:25;RPL;WHILL;ESITO1X2;JAVA_WEB_APP;X;CALCIO;
AkhmatGrozny;LokomotivMosca;10/09/2017;2,8;01-09-2017 23:27:25;RPL;WHILL;ESITO1X2;JAVA_WEB_APP;2;CALCIO;
UralEkat.;SKA;11/09/2017;1,57;01-09-2017 23:27:25;RPL;WHILL;ESITO1X2;JAVA_WEB_APP;1;CALCIO;
UralEkat.;SKA;11/09/2017;3,3;01-09-2017 23:27:25;RPL;WHILL;ESITO1X2;JAVA_WEB_APP;X;CALCIO;
UralEkat.;SKA;11/09/2017;6,5;01-09-2017 23:27:25;RPL;WHILL;ESITO1X2;JAVA_WEB_APP;2;CALCIO;
